Driver,Team,Compound,LapNumber,Sector1Time,Sector2Time,Sector3Time,LapTime
PIA,McLaren,MEDIUM,1.0,,28.932,41.859,98.344
PIA,McLaren,MEDIUM,2.0,26.193,29.261,42.097,97.551
PIA,McLaren,MEDIUM,3.0,26.011,29.486,42.192,97.689
PIA,McLaren,MEDIUM,4.0,26.345,29.43,42.029,97.804
PIA,McLaren,MEDIUM,5.0,26.312,29.729,42.041,98.082
PIA,McLaren,MEDIUM,6.0,26.187,29.451,41.901,97.539
PIA,McLaren,MEDIUM,7.0,26.337,29.711,41.85,97.898
PIA,McLaren,MEDIUM,8.0,26.341,29.696,42.156,98.193
PIA,McLaren,MEDIUM,9.0,26.468,29.696,42.035,98.199
PIA,McLaren,MEDIUM,10.0,26.314,29.785,41.895,97.994
PIA,McLaren,MEDIUM,11.0,26.314,29.718,42.092,98.124
PIA,McLaren,MEDIUM,12.0,26.34,29.782,41.991,98.113
PIA,McLaren,MEDIUM,13.0,26.16,29.706,42.089,97.955
PIA,McLaren,MEDIUM,14.0,26.25,29.472,46.904,102.626
PIA,McLaren,HARD,15.0,45.661,29.73,42.139,117.53
PIA,McLaren,HARD,16.0,26.166,29.557,41.684,97.407
PIA,McLaren,HARD,17.0,25.902,29.667,41.322,96.891
PIA,McLaren,HARD,18.0,26.135,29.381,41.655,97.171
PIA,McLaren,HARD,19.0,25.989,29.447,41.775,97.211
PIA,McLaren,HARD,20.0,26.183,29.562,41.663,97.408
PIA,McLaren,HARD,21.0,26.27,29.726,41.989,97.985
PIA,McLaren,HARD,22.0,26.258,29.689,41.791,97.738
PIA,McLaren,HARD,23.0,26.2,29.359,41.673,97.232
PIA,McLaren,HARD,24.0,25.901,29.43,41.639,96.97
PIA,McLaren,HARD,25.0,26.055,29.418,41.712,97.185
PIA,McLaren,HARD,26.0,26.08,29.431,41.675,97.186
PIA,McLaren,HARD,27.0,26.076,29.408,41.628,97.112
PIA,McLaren,HARD,28.0,26.027,29.356,41.618,97.001
PIA,McLaren,HARD,29.0,25.899,29.182,41.452,96.533
PIA,McLaren,HARD,30.0,25.905,29.304,41.601,96.81
PIA,McLaren,HARD,31.0,25.852,29.212,41.598,96.662
PIA,McLaren,HARD,32.0,26.045,29.132,41.521,96.698
PIA,McLaren,HARD,33.0,25.967,29.038,41.444,96.449
PIA,McLaren,HARD,34.0,26.051,29.071,41.682,96.804
PIA,McLaren,HARD,35.0,25.95,29.137,41.553,96.64
PIA,McLaren,HARD,36.0,25.987,29.147,41.661,96.795
PIA,McLaren,HARD,37.0,25.949,29.199,41.542,96.69
PIA,McLaren,HARD,38.0,25.851,29.141,41.535,96.527
PIA,McLaren,HARD,39.0,25.752,28.972,41.476,96.2
PIA,McLaren,HARD,40.0,25.676,28.878,41.455,96.009
PIA,McLaren,HARD,41.0,25.644,28.8,41.584,96.028
PIA,McLaren,HARD,42.0,25.723,28.998,41.598,96.319
PIA,McLaren,HARD,43.0,25.829,28.989,41.548,96.366
PIA,McLaren,HARD,44.0,25.949,28.992,41.592,96.533
PIA,McLaren,HARD,45.0,25.946,29.15,41.578,96.674
PIA,McLaren,HARD,46.0,25.825,29.064,41.571,96.46
PIA,McLaren,HARD,47.0,25.775,28.922,41.442,96.139
PIA,McLaren,HARD,48.0,25.774,28.805,41.423,96.002
PIA,McLaren,HARD,49.0,25.729,29.034,41.205,95.968
PIA,McLaren,HARD,50.0,25.565,28.796,41.263,95.624
PIA,McLaren,HARD,51.0,25.723,28.854,41.53,96.107
PIA,McLaren,HARD,52.0,25.755,28.758,41.267,95.78
PIA,McLaren,HARD,53.0,25.568,28.713,41.239,95.52
PIA,McLaren,HARD,54.0,25.745,28.635,41.261,95.641
PIA,McLaren,HARD,55.0,25.651,28.607,41.718,95.976
PIA,McLaren,HARD,56.0,25.686,29.13,42.118,96.934
NOR,McLaren,MEDIUM,1.0,,29.65,41.8,99.268
NOR,McLaren,MEDIUM,2.0,25.957,29.636,42.12,97.713
NOR,McLaren,MEDIUM,3.0,25.951,29.694,41.952,97.597
NOR,McLaren,MEDIUM,4.0,26.119,29.683,41.917,97.719
NOR,McLaren,MEDIUM,5.0,26.321,29.784,41.812,97.917
NOR,McLaren,MEDIUM,6.0,26.008,29.835,42.013,97.856
NOR,McLaren,MEDIUM,7.0,26.334,29.878,41.962,98.174
NOR,McLaren,MEDIUM,8.0,26.365,29.831,42.091,98.287
NOR,McLaren,MEDIUM,9.0,26.427,29.947,42.14,98.514
NOR,McLaren,MEDIUM,10.0,26.292,29.758,42.266,98.316
NOR,McLaren,MEDIUM,11.0,26.303,29.846,41.969,98.118
NOR,McLaren,MEDIUM,12.0,26.275,29.837,42.085,98.197
NOR,McLaren,MEDIUM,13.0,26.304,29.933,42.112,98.349
NOR,McLaren,MEDIUM,14.0,26.285,29.822,42.282,98.389
NOR,McLaren,MEDIUM,15.0,26.264,29.807,47.198,103.269
NOR,McLaren,HARD,16.0,44.416,29.743,41.498,115.657
NOR,McLaren,HARD,17.0,26.281,29.387,41.764,97.432
NOR,McLaren,HARD,18.0,25.747,29.792,41.938,97.477
NOR,McLaren,HARD,19.0,26.075,30.005,41.599,97.679
NOR,McLaren,HARD,20.0,26.212,29.866,42.044,98.122
NOR,McLaren,HARD,21.0,26.401,29.649,41.929,97.979
NOR,McLaren,HARD,22.0,26.015,29.628,41.693,97.336
NOR,McLaren,HARD,23.0,26.081,29.648,41.592,97.321
NOR,McLaren,HARD,24.0,25.992,29.299,41.661,96.952
NOR,McLaren,HARD,25.0,26.105,29.558,41.694,97.357
NOR,McLaren,HARD,26.0,25.982,29.339,41.811,97.132
NOR,McLaren,HARD,27.0,26.002,29.174,41.578,96.754
NOR,McLaren,HARD,28.0,26.031,29.093,41.385,96.509
NOR,McLaren,HARD,29.0,26.016,28.994,41.521,96.531
NOR,McLaren,HARD,30.0,25.887,28.946,41.502,96.335
NOR,McLaren,HARD,31.0,25.744,29.049,41.574,96.367
NOR,McLaren,HARD,32.0,26.003,29.236,41.623,96.862
NOR,McLaren,HARD,33.0,25.997,29.174,41.603,96.774
NOR,McLaren,HARD,34.0,25.95,29.497,41.748,97.195
NOR,McLaren,HARD,35.0,26.062,29.323,41.469,96.854
NOR,McLaren,HARD,36.0,25.861,29.014,41.441,96.316
NOR,McLaren,HARD,37.0,25.838,29.056,41.38,96.274
NOR,McLaren,HARD,38.0,25.78,28.99,41.422,96.192
NOR,McLaren,HARD,39.0,25.755,29.01,41.452,96.217
NOR,McLaren,HARD,40.0,25.714,28.982,41.701,96.397
NOR,McLaren,HARD,41.0,25.856,29.134,41.671,96.661
NOR,McLaren,HARD,42.0,25.962,29.155,41.751,96.868
NOR,McLaren,HARD,43.0,26.037,29.231,41.703,96.971
NOR,McLaren,HARD,44.0,26.039,29.145,41.559,96.743
NOR,McLaren,HARD,45.0,25.841,29.007,41.548,96.396
NOR,McLaren,HARD,46.0,25.734,28.936,41.4,96.07
NOR,McLaren,HARD,47.0,25.619,28.838,41.4,95.857
NOR,McLaren,HARD,48.0,25.578,28.777,41.353,95.708
NOR,McLaren,HARD,49.0,25.578,28.822,41.266,95.666
NOR,McLaren,HARD,50.0,25.481,28.907,41.287,95.675
NOR,McLaren,HARD,51.0,25.534,28.807,41.559,95.9
NOR,McLaren,HARD,52.0,25.518,28.905,41.428,95.851
NOR,McLaren,HARD,53.0,25.433,28.616,41.405,95.454
NOR,McLaren,HARD,54.0,25.468,29.003,42.401,96.872
NOR,McLaren,HARD,55.0,25.573,29.533,43.854,98.96
NOR,McLaren,HARD,56.0,26.055,29.742,43.621,99.418
RUS,Mercedes,MEDIUM,1.0,,30.02,42.264,100.282
RUS,Mercedes,MEDIUM,2.0,26.031,29.608,41.824,97.463
RUS,Mercedes,MEDIUM,3.0,26.036,29.665,42.073,97.774
RUS,Mercedes,MEDIUM,4.0,26.146,29.688,41.809,97.643
RUS,Mercedes,MEDIUM,5.0,26.327,29.723,41.771,97.821
RUS,Mercedes,MEDIUM,6.0,26.455,29.858,42.15,98.463
RUS,Mercedes,MEDIUM,7.0,26.649,29.743,42.072,98.464
RUS,Mercedes,MEDIUM,8.0,26.53,29.923000000000002,42.262,98.715
RUS,Mercedes,MEDIUM,9.0,26.499,29.914,42.144,98.557
RUS,Mercedes,MEDIUM,10.0,26.533,29.872,42.033,98.438
RUS,Mercedes,MEDIUM,11.0,26.501,29.749,42.125,98.375
RUS,Mercedes,MEDIUM,12.0,26.366,29.792,42.233,98.391
RUS,Mercedes,MEDIUM,13.0,26.275,29.947,41.989,98.211
RUS,Mercedes,MEDIUM,14.0,26.408,29.768,46.87,103.046
RUS,Mercedes,HARD,15.0,44.081,29.162,40.993,114.236
RUS,Mercedes,HARD,16.0,25.986,29.318,41.508,96.812
RUS,Mercedes,HARD,17.0,26.273,29.538,42.039,97.85
RUS,Mercedes,HARD,18.0,26.807,30.035,42.023,98.865
RUS,Mercedes,HARD,19.0,26.372,29.613,41.944,97.929
RUS,Mercedes,HARD,20.0,26.296,30.261,41.915,98.472
RUS,Mercedes,HARD,21.0,26.345,29.691,41.928,97.964
RUS,Mercedes,HARD,22.0,26.212,29.394,41.729,97.335
RUS,Mercedes,HARD,23.0,26.093,29.359,41.703,97.155
RUS,Mercedes,HARD,24.0,26.054,29.429,41.851,97.334
RUS,Mercedes,HARD,25.0,26.248,29.497,41.654,97.399
RUS,Mercedes,HARD,26.0,26.165,29.411,41.708,97.284
RUS,Mercedes,HARD,27.0,26.144,29.228,41.685,97.057
RUS,Mercedes,HARD,28.0,25.969,29.317,41.622,96.908
RUS,Mercedes,HARD,29.0,25.913,29.183,41.565,96.661
RUS,Mercedes,HARD,30.0,25.927,29.533,41.73,97.19
RUS,Mercedes,HARD,31.0,25.954,29.367,41.662,96.983
RUS,Mercedes,HARD,32.0,26.098,29.326,41.776,97.2
RUS,Mercedes,HARD,33.0,26.068,29.32,41.712,97.1
RUS,Mercedes,HARD,34.0,25.965,29.24,41.648,96.853
RUS,Mercedes,HARD,35.0,25.821,29.241,41.602,96.664
RUS,Mercedes,HARD,36.0,25.856,29.133,41.699,96.688
RUS,Mercedes,HARD,37.0,25.836,29.189,41.714,96.739
RUS,Mercedes,HARD,38.0,25.892,29.124,41.565,96.581
RUS,Mercedes,HARD,39.0,25.809,29.117,41.622,96.548
RUS,Mercedes,HARD,40.0,25.911,29.027,41.55,96.488
RUS,Mercedes,HARD,41.0,25.667,29.173,41.631,96.471
RUS,Mercedes,HARD,42.0,25.696,29.19,41.451,96.337
RUS,Mercedes,HARD,43.0,25.761,29.202,41.496,96.459
RUS,Mercedes,HARD,44.0,25.853,29.212,41.511,96.576
RUS,Mercedes,HARD,45.0,25.772,29.221,41.581,96.574
RUS,Mercedes,HARD,46.0,25.809,29.085,41.406,96.3
RUS,Mercedes,HARD,47.0,25.694,29.143,41.446,96.283
RUS,Mercedes,HARD,48.0,25.707,29.096,41.389,96.192
RUS,Mercedes,HARD,49.0,25.743,29.032,41.331,96.106
RUS,Mercedes,HARD,50.0,25.732,29.059,41.375,96.166
RUS,Mercedes,HARD,51.0,25.797,29.095,41.316,96.208
RUS,Mercedes,HARD,52.0,25.793,29.175,41.417,96.385
RUS,Mercedes,HARD,53.0,25.775,29.174,41.555,96.504
RUS,Mercedes,HARD,54.0,25.662,28.951,41.287,95.9
RUS,Mercedes,HARD,55.0,25.601,28.828,41.387,95.816
RUS,Mercedes,HARD,56.0,25.573,28.805,41.53,95.908
VER,Red Bull Racing,MEDIUM,1.0,,30.53,42.425,102.249
VER,Red Bull Racing,MEDIUM,2.0,26.397,29.966,41.941,98.304
VER,Red Bull Racing,MEDIUM,3.0,26.331,29.992,41.979,98.302
VER,Red Bull Racing,MEDIUM,4.0,26.373,30.05,42.191,98.614
VER,Red Bull Racing,MEDIUM,5.0,26.6,30.175,42.12,98.895
VER,Red Bull Racing,MEDIUM,6.0,26.542,30.116,42.121,98.779
VER,Red Bull Racing,MEDIUM,7.0,26.474,30.161,42.057,98.692
VER,Red Bull Racing,MEDIUM,8.0,26.553,30.264,42.267,99.084
VER,Red Bull Racing,MEDIUM,9.0,26.712,30.193,42.324,99.229
VER,Red Bull Racing,MEDIUM,10.0,26.578,30.209,42.277,99.064
VER,Red Bull Racing,MEDIUM,11.0,26.708,30.168,42.278,99.154
VER,Red Bull Racing,MEDIUM,12.0,26.523,29.905,42.199,98.627
VER,Red Bull Racing,MEDIUM,13.0,26.203,29.569,46.838,102.61
VER,Red Bull Racing,HARD,14.0,44.159,29.214,41.879,115.252
VER,Red Bull Racing,HARD,15.0,25.899,29.544,41.879,97.322
VER,Red Bull Racing,HARD,16.0,25.87,29.402,41.752,97.024
VER,Red Bull Racing,HARD,17.0,25.811,29.473,42.085,97.369
VER,Red Bull Racing,HARD,18.0,26.306,29.726,41.815,97.847
VER,Red Bull Racing,HARD,19.0,26.205,29.682,41.963,97.85
VER,Red Bull Racing,HARD,20.0,26.189,29.779,41.765,97.733
VER,Red Bull Racing,HARD,21.0,26.369,29.644,41.895,97.908
VER,Red Bull Racing,HARD,22.0,26.118,29.571,41.854,97.543
VER,Red Bull Racing,HARD,23.0,26.034,29.623,41.785,97.442
VER,Red Bull Racing,HARD,24.0,26.011,29.484,41.755,97.25
VER,Red Bull Racing,HARD,25.0,26.213,29.585,41.924,97.722
VER,Red Bull Racing,HARD,26.0,26.144,29.533,41.968,97.645
VER,Red Bull Racing,HARD,27.0,26.209,29.686,42.069,97.964
VER,Red Bull Racing,HARD,28.0,26.036,29.496,41.786,97.318
VER,Red Bull Racing,HARD,29.0,25.923000000000002,29.322,41.839,97.084
VER,Red Bull Racing,HARD,30.0,26.069,29.47,41.811,97.35
VER,Red Bull Racing,HARD,31.0,25.893,29.374,41.817,97.084
VER,Red Bull Racing,HARD,32.0,26.017,29.341,41.844,97.202
VER,Red Bull Racing,HARD,33.0,25.953,29.377,41.77,97.1
VER,Red Bull Racing,HARD,34.0,26.051,29.134,41.737,96.922
VER,Red Bull Racing,HARD,35.0,25.812,29.205,41.683,96.7
VER,Red Bull Racing,HARD,36.0,25.788,29.104,41.754,96.646
VER,Red Bull Racing,HARD,37.0,25.769,29.287,41.779,96.835
VER,Red Bull Racing,HARD,38.0,25.796,29.131,41.689,96.616
VER,Red Bull Racing,HARD,39.0,25.725,29.145,41.587,96.457
VER,Red Bull Racing,HARD,40.0,25.78,29.003,41.657,96.44
VER,Red Bull Racing,HARD,41.0,25.693,28.938,41.506,96.137
VER,Red Bull Racing,HARD,42.0,25.57,29.127,41.519,96.216
VER,Red Bull Racing,HARD,43.0,25.648,29.099,41.495,96.242
VER,Red Bull Racing,HARD,44.0,25.609,29.022,41.59,96.221
VER,Red Bull Racing,HARD,45.0,25.659,28.962,41.561,96.182
VER,Red Bull Racing,HARD,46.0,25.621,29.048,41.519,96.188
VER,Red Bull Racing,HARD,47.0,25.614,28.883,41.638,96.135
VER,Red Bull Racing,HARD,48.0,25.565,28.968,41.49,96.023
VER,Red Bull Racing,HARD,49.0,25.593,28.898,41.407,95.898
VER,Red Bull Racing,HARD,50.0,25.462,28.922,41.315,95.699
VER,Red Bull Racing,HARD,51.0,25.56,28.958,41.192,95.71
VER,Red Bull Racing,HARD,52.0,25.764,29.294,41.505,96.563
VER,Red Bull Racing,HARD,53.0,25.546,29.217,41.412,96.175
VER,Red Bull Racing,HARD,54.0,25.558,28.783,41.439,95.78
VER,Red Bull Racing,HARD,55.0,25.471,28.791,41.535,95.797
VER,Red Bull Racing,HARD,56.0,25.341,28.679,41.468,95.488
OCO,Haas F1 Team,MEDIUM,1.0,,31.062,43.643,104.831
OCO,Haas F1 Team,MEDIUM,2.0,26.39,30.282,42.434,99.106
OCO,Haas F1 Team,MEDIUM,3.0,26.153,30.386,42.509,99.048
OCO,Haas F1 Team,MEDIUM,4.0,26.353,30.006,42.562,98.921
OCO,Haas F1 Team,MEDIUM,5.0,26.392,30.167,42.347,98.906
OCO,Haas F1 Team,MEDIUM,6.0,26.352,30.209,42.403,98.964
OCO,Haas F1 Team,MEDIUM,7.0,26.366,30.38,42.435,99.181
OCO,Haas F1 Team,MEDIUM,8.0,26.559,30.382,42.405,99.346
OCO,Haas F1 Team,MEDIUM,9.0,26.605,30.265,42.466,99.336
OCO,Haas F1 Team,MEDIUM,10.0,26.529,30.172,42.522,99.223
OCO,Haas F1 Team,MEDIUM,11.0,26.414,30.152,47.557,104.123
OCO,Haas F1 Team,HARD,12.0,44.74,28.926,41.391,115.057
OCO,Haas F1 Team,HARD,13.0,26.039,29.967,41.831,97.837
OCO,Haas F1 Team,HARD,14.0,26.438,30.174,41.9,98.512
OCO,Haas F1 Team,HARD,15.0,26.537,29.824,42.207,98.568
OCO,Haas F1 Team,HARD,16.0,26.198,30.001,43.211,99.41
OCO,Haas F1 Team,HARD,17.0,26.653,30.454,42.407,99.514
OCO,Haas F1 Team,HARD,18.0,26.57,29.864,41.971,98.405
OCO,Haas F1 Team,HARD,19.0,26.29,29.693,42.058,98.041
OCO,Haas F1 Team,HARD,20.0,26.233,29.795,42.058,98.086
OCO,Haas F1 Team,HARD,21.0,26.26,29.628,42.03,97.918
OCO,Haas F1 Team,HARD,22.0,26.272,29.797,42.091,98.16
OCO,Haas F1 Team,HARD,23.0,26.193,29.546,41.991,97.73
OCO,Haas F1 Team,HARD,24.0,26.213,29.673000000000002,41.979,97.865
OCO,Haas F1 Team,HARD,25.0,26.181,29.818,42.1,98.099
OCO,Haas F1 Team,HARD,26.0,26.264,29.724,42.393,98.381
OCO,Haas F1 Team,HARD,27.0,26.088,29.598,42.12,97.806
OCO,Haas F1 Team,HARD,28.0,26.44,29.55,41.926,97.916
OCO,Haas F1 Team,HARD,29.0,26.132,29.426,42.012,97.57
OCO,Haas F1 Team,HARD,30.0,26.163,29.7,42.154,98.017
OCO,Haas F1 Team,HARD,31.0,26.203,29.604,42.198,98.005
OCO,Haas F1 Team,HARD,32.0,26.06,29.655,42.155,97.87
OCO,Haas F1 Team,HARD,33.0,26.133,29.559,42.063,97.755
OCO,Haas F1 Team,HARD,34.0,26.156,29.589,42.019,97.764
OCO,Haas F1 Team,HARD,35.0,26.098,29.576,42.054,97.728
OCO,Haas F1 Team,HARD,36.0,26.142,29.451,41.934,97.527
OCO,Haas F1 Team,HARD,37.0,26.077,29.247,42.009,97.333
OCO,Haas F1 Team,HARD,38.0,26.406,29.442,42.0,97.848
OCO,Haas F1 Team,HARD,39.0,25.981,29.209,41.79,96.98
OCO,Haas F1 Team,HARD,40.0,26.005,29.43,41.834,97.269
OCO,Haas F1 Team,HARD,41.0,26.162,29.233,41.746,97.141
OCO,Haas F1 Team,HARD,42.0,26.006,29.363,41.764,97.133
OCO,Haas F1 Team,HARD,43.0,26.049,29.171,41.867,97.087
OCO,Haas F1 Team,HARD,44.0,26.002,29.288,41.878,97.168
OCO,Haas F1 Team,HARD,45.0,26.076,29.052,41.801,96.929
OCO,Haas F1 Team,HARD,46.0,26.142,29.096,41.755,96.993
OCO,Haas F1 Team,HARD,47.0,25.958,29.129,41.754,96.841
OCO,Haas F1 Team,HARD,48.0,25.834,28.951,41.647,96.432
OCO,Haas F1 Team,HARD,49.0,25.865,29.031,41.613,96.509
OCO,Haas F1 Team,HARD,50.0,25.833,28.962,41.522,96.317
OCO,Haas F1 Team,HARD,51.0,25.818,28.783,41.62,96.221
OCO,Haas F1 Team,HARD,52.0,25.783,28.841,41.543,96.167
OCO,Haas F1 Team,HARD,53.0,25.865,28.977,41.539,96.381
OCO,Haas F1 Team,HARD,54.0,25.648,28.781,41.573,96.002
OCO,Haas F1 Team,HARD,55.0,25.683,28.809,41.486,95.978
OCO,Haas F1 Team,HARD,56.0,25.54,28.833,41.367,95.74
ANT,Mercedes,MEDIUM,1.0,,30.674,42.716,103.008
ANT,Mercedes,MEDIUM,2.0,26.269,30.015,42.063,98.347
ANT,Mercedes,MEDIUM,3.0,26.318,30.043,42.142,98.503
ANT,Mercedes,MEDIUM,4.0,26.379,30.064,42.381,98.824
ANT,Mercedes,MEDIUM,5.0,26.459,30.095,42.243,98.797
ANT,Mercedes,MEDIUM,6.0,26.573,30.052,42.286,98.911
ANT,Mercedes,MEDIUM,7.0,26.592,30.005,42.368,98.965
ANT,Mercedes,MEDIUM,8.0,26.598,30.141,42.379,99.118
ANT,Mercedes,MEDIUM,9.0,26.668,30.233,42.383,99.284
ANT,Mercedes,MEDIUM,10.0,26.72,30.103,42.375,99.198
ANT,Mercedes,MEDIUM,11.0,26.582,30.236,42.395,99.213
ANT,Mercedes,MEDIUM,12.0,26.501,30.206,47.563,104.27
ANT,Mercedes,HARD,13.0,45.177,30.082,41.749,117.008
ANT,Mercedes,HARD,14.0,26.579,30.214,42.433,99.226
ANT,Mercedes,HARD,15.0,26.681,30.033,42.067,98.781
ANT,Mercedes,HARD,16.0,26.32,30.07,42.787,99.177
ANT,Mercedes,HARD,17.0,26.899,30.53,42.8,100.229
ANT,Mercedes,HARD,18.0,26.736,31.16,42.334,100.23
ANT,Mercedes,HARD,19.0,26.329,29.895,41.808,98.032
ANT,Mercedes,HARD,20.0,26.149,29.805,42.183,98.137
ANT,Mercedes,HARD,21.0,26.189,29.572,41.896,97.657
ANT,Mercedes,HARD,22.0,26.134,29.732,42.009,97.875
ANT,Mercedes,HARD,23.0,26.045,29.638,42.099,97.782
ANT,Mercedes,HARD,24.0,26.203,29.834,42.097,98.134
ANT,Mercedes,HARD,25.0,26.183,29.779,42.201,98.163
ANT,Mercedes,HARD,26.0,26.142,29.866,42.218,98.226
ANT,Mercedes,HARD,27.0,26.117,29.781,42.067,97.965
ANT,Mercedes,HARD,28.0,26.247,29.691,41.956,97.894
ANT,Mercedes,HARD,29.0,26.261,29.572,42.034,97.867
ANT,Mercedes,HARD,30.0,26.134,29.562,42.063,97.759
ANT,Mercedes,HARD,31.0,26.181,29.707,41.967,97.855
ANT,Mercedes,HARD,32.0,26.119,29.588,41.912,97.619
ANT,Mercedes,HARD,33.0,26.096,29.627,42.096,97.819
ANT,Mercedes,HARD,34.0,26.159,29.688,42.016,97.863
ANT,Mercedes,HARD,35.0,26.118,29.611,41.979,97.708
ANT,Mercedes,HARD,36.0,26.055,29.559,41.932,97.546
ANT,Mercedes,HARD,37.0,25.991,29.429,41.994,97.414
ANT,Mercedes,HARD,38.0,26.269,29.465,41.984,97.718
ANT,Mercedes,HARD,39.0,25.908,29.404,41.772,97.084
ANT,Mercedes,HARD,40.0,25.977,29.334,41.834,97.145
ANT,Mercedes,HARD,41.0,25.955,29.381,41.882,97.218
ANT,Mercedes,HARD,42.0,25.975,29.402,41.858,97.235
ANT,Mercedes,HARD,43.0,26.027,29.359,41.728,97.114
ANT,Mercedes,HARD,44.0,25.828,29.334,41.72,96.882
ANT,Mercedes,HARD,45.0,25.981,29.286,41.693,96.96
ANT,Mercedes,HARD,46.0,25.892,29.252,41.581,96.725
ANT,Mercedes,HARD,47.0,25.89,29.299,41.662,96.851
ANT,Mercedes,HARD,48.0,25.79,29.119,41.522,96.431
ANT,Mercedes,HARD,49.0,25.841,29.127,41.374,96.342
ANT,Mercedes,HARD,50.0,25.805,29.049,41.386,96.24
ANT,Mercedes,HARD,51.0,25.774,29.028,41.634,96.436
ANT,Mercedes,HARD,52.0,25.775,29.171,41.424,96.37
ANT,Mercedes,HARD,53.0,25.828,29.002,41.752,96.582
ANT,Mercedes,HARD,54.0,25.88,29.076,41.682,96.638
ANT,Mercedes,HARD,55.0,25.853,28.889,41.611,96.353
ANT,Mercedes,HARD,56.0,25.697,29.029,41.32,96.046
ALB,Williams,MEDIUM,1.0,,31.861,43.138,105.273
ALB,Williams,MEDIUM,2.0,26.548000000000002,30.323,42.572,99.443
ALB,Williams,MEDIUM,3.0,26.143,30.396,42.556,99.095
ALB,Williams,MEDIUM,4.0,26.401,30.183,42.462,99.046
ALB,Williams,MEDIUM,5.0,26.351,29.951999999999998,42.243,98.546
ALB,Williams,MEDIUM,6.0,26.35,30.299,42.474,99.123
ALB,Williams,MEDIUM,7.0,26.339,30.303,42.449,99.091
ALB,Williams,MEDIUM,8.0,26.431,30.494,42.415,99.34
ALB,Williams,MEDIUM,9.0,26.545,30.378,42.6,99.523
ALB,Williams,MEDIUM,10.0,26.565,30.314,42.231,99.11
ALB,Williams,MEDIUM,11.0,26.448,30.24,42.312,99.0
ALB,Williams,MEDIUM,12.0,26.258,30.054,42.564,98.876
ALB,Williams,MEDIUM,13.0,26.302,29.78,42.229,98.311
ALB,Williams,MEDIUM,14.0,26.489,29.7,42.271,98.46
ALB,Williams,MEDIUM,15.0,26.367,29.91,42.412,98.689
ALB,Williams,MEDIUM,16.0,26.481,29.731,42.292,98.504
ALB,Williams,MEDIUM,17.0,26.468,29.729,43.002,99.199
ALB,Williams,MEDIUM,18.0,26.358,30.222,42.361,98.941
ALB,Williams,MEDIUM,19.0,26.404,30.015,42.558,98.977
ALB,Williams,MEDIUM,20.0,26.544,30.336,47.828,104.708
ALB,Williams,HARD,21.0,45.969,29.866,42.314,118.149
ALB,Williams,HARD,22.0,26.19,29.503,41.592,97.285
ALB,Williams,HARD,23.0,26.15,29.485,42.012,97.647
ALB,Williams,HARD,24.0,26.154,29.671,41.947,97.772
ALB,Williams,HARD,25.0,26.209,29.693,41.872,97.774
ALB,Williams,HARD,26.0,26.235,29.907,42.058,98.2
ALB,Williams,HARD,27.0,26.094,29.667,42.375,98.136
ALB,Williams,HARD,28.0,26.446,29.898,42.246,98.59
ALB,Williams,HARD,29.0,26.212,29.728,42.131,98.071
ALB,Williams,HARD,30.0,26.059,29.673000000000002,42.122,97.854
ALB,Williams,HARD,31.0,26.119,29.57,42.134,97.823
ALB,Williams,HARD,32.0,26.268,29.525,42.123,97.916
ALB,Williams,HARD,33.0,26.238,29.492,41.86,97.59
ALB,Williams,HARD,34.0,26.042,29.566,41.863,97.471
ALB,Williams,HARD,35.0,26.119,29.372,41.962,97.453
ALB,Williams,HARD,36.0,26.143,29.359,41.868,97.37
ALB,Williams,HARD,37.0,26.032,29.653,41.854,97.539
ALB,Williams,HARD,38.0,26.216,29.33,41.703,97.249
ALB,Williams,HARD,39.0,26.028,29.317,41.854,97.199
ALB,Williams,HARD,40.0,26.029,29.34,41.842,97.211
ALB,Williams,HARD,41.0,26.094,29.323,41.843,97.26
ALB,Williams,HARD,42.0,26.08,29.164,41.724,96.968
ALB,Williams,HARD,43.0,25.949,29.197,41.729,96.875
ALB,Williams,HARD,44.0,25.873,29.258,41.732,96.863
ALB,Williams,HARD,45.0,25.936,29.137,41.803,96.876
ALB,Williams,HARD,46.0,25.96,29.088,41.522,96.57
ALB,Williams,HARD,47.0,25.936,29.034,41.564,96.534
ALB,Williams,HARD,48.0,25.749,29.064,41.56,96.373
ALB,Williams,HARD,49.0,25.856,29.145,41.48,96.481
ALB,Williams,HARD,50.0,25.768,29.055,41.462,96.285
ALB,Williams,HARD,51.0,25.784,28.956,41.554,96.294
ALB,Williams,HARD,52.0,25.781,28.911,41.562,96.254
ALB,Williams,HARD,53.0,25.875,28.936,41.806,96.617
ALB,Williams,HARD,54.0,25.792,29.017,41.819,96.628
ALB,Williams,HARD,55.0,25.875,28.922,41.766,96.563
ALB,Williams,HARD,56.0,25.81,28.938,41.604,96.352
BEA,Haas F1 Team,HARD,1.0,,31.818,44.06,107.687
BEA,Haas F1 Team,HARD,2.0,26.55,30.65,42.777,99.977
BEA,Haas F1 Team,HARD,3.0,26.32,30.352,42.415,99.087
BEA,Haas F1 Team,HARD,4.0,26.522,30.706,42.522,99.75
BEA,Haas F1 Team,HARD,5.0,26.651,30.245,42.162,99.058
BEA,Haas F1 Team,HARD,6.0,26.541,30.344,42.344,99.229
BEA,Haas F1 Team,HARD,7.0,26.769,30.292,42.432,99.493
BEA,Haas F1 Team,HARD,8.0,26.638,30.286,42.467,99.391
BEA,Haas F1 Team,HARD,9.0,26.682,30.267,42.405,99.354
BEA,Haas F1 Team,HARD,10.0,26.681,30.41,42.31,99.401
BEA,Haas F1 Team,HARD,11.0,26.612,30.058,42.474,99.144
BEA,Haas F1 Team,HARD,12.0,26.604,30.111,42.524,99.239
BEA,Haas F1 Team,HARD,13.0,26.61,30.16,42.388,99.158
BEA,Haas F1 Team,HARD,14.0,26.701,29.921,42.39,99.012
BEA,Haas F1 Team,HARD,15.0,26.615,30.894,42.432,99.941
BEA,Haas F1 Team,HARD,16.0,26.453,30.018,43.124,99.595
BEA,Haas F1 Team,HARD,17.0,26.594,29.981,42.34,98.915
BEA,Haas F1 Team,HARD,18.0,26.488,29.976,42.832,99.296
BEA,Haas F1 Team,HARD,19.0,26.687,30.088,42.15,98.925
BEA,Haas F1 Team,HARD,20.0,26.383,29.877,42.131,98.391
BEA,Haas F1 Team,HARD,21.0,26.378,30.087,42.322,98.787
BEA,Haas F1 Team,HARD,22.0,26.351,29.873,42.147,98.371
BEA,Haas F1 Team,HARD,23.0,26.583,29.999,42.291,98.873
BEA,Haas F1 Team,HARD,24.0,26.433,29.89,42.439,98.762
BEA,Haas F1 Team,HARD,25.0,26.485,30.091,42.357,98.933
BEA,Haas F1 Team,HARD,26.0,26.517,30.083,47.2,103.8
BEA,Haas F1 Team,MEDIUM,27.0,44.035,29.084,41.76,114.879
BEA,Haas F1 Team,MEDIUM,28.0,25.889,29.367,41.634,96.89
BEA,Haas F1 Team,MEDIUM,29.0,25.955,29.445,41.576,96.976
BEA,Haas F1 Team,MEDIUM,30.0,26.246,29.638,41.455,97.339
BEA,Haas F1 Team,MEDIUM,31.0,26.295,29.37,41.761,97.426
BEA,Haas F1 Team,MEDIUM,32.0,26.05,29.819,41.518,97.387
BEA,Haas F1 Team,MEDIUM,33.0,26.191,29.495,41.81,97.496
BEA,Haas F1 Team,MEDIUM,34.0,26.099,29.411,41.498,97.008
BEA,Haas F1 Team,MEDIUM,35.0,26.08,29.66,42.057,97.797
BEA,Haas F1 Team,MEDIUM,36.0,25.966,29.242,41.584,96.792
BEA,Haas F1 Team,MEDIUM,37.0,25.932,29.226,41.482,96.64
BEA,Haas F1 Team,MEDIUM,38.0,25.78,29.257,42.244,97.281
BEA,Haas F1 Team,MEDIUM,39.0,26.037,29.673000000000002,42.423,98.133
BEA,Haas F1 Team,MEDIUM,40.0,25.717,29.336,41.638,96.691
BEA,Haas F1 Team,MEDIUM,41.0,25.772,29.185,41.625,96.582
BEA,Haas F1 Team,MEDIUM,42.0,25.834,29.107,41.445,96.386
BEA,Haas F1 Team,MEDIUM,43.0,25.949,29.207,41.387,96.543
BEA,Haas F1 Team,MEDIUM,44.0,25.815,29.203,41.603,96.621
BEA,Haas F1 Team,MEDIUM,45.0,25.907,29.243,41.576,96.726
BEA,Haas F1 Team,MEDIUM,46.0,25.772,29.279,41.502,96.553
BEA,Haas F1 Team,MEDIUM,47.0,25.804,29.282,41.556,96.642
BEA,Haas F1 Team,MEDIUM,48.0,25.882,29.41,41.544,96.836
BEA,Haas F1 Team,MEDIUM,49.0,25.919,29.474,41.42,96.813
BEA,Haas F1 Team,MEDIUM,50.0,25.778,29.49,41.471,96.739
BEA,Haas F1 Team,MEDIUM,51.0,26.038,29.157,41.309,96.504
BEA,Haas F1 Team,MEDIUM,52.0,25.689,29.179,41.495,96.363
BEA,Haas F1 Team,MEDIUM,53.0,25.865,29.37,41.624,96.859
BEA,Haas F1 Team,MEDIUM,54.0,25.718,29.228,41.488,96.434
BEA,Haas F1 Team,MEDIUM,55.0,25.742,29.15,41.684,96.576
BEA,Haas F1 Team,MEDIUM,56.0,25.801,29.01,42.037,96.848
STR,Aston Martin,HARD,1.0,,32.225,43.369,106.646
STR,Aston Martin,HARD,2.0,26.653,30.426,42.662,99.741
STR,Aston Martin,HARD,3.0,26.242,30.261,42.739,99.242
STR,Aston Martin,HARD,4.0,26.167,30.003,42.485,98.655
STR,Aston Martin,HARD,5.0,26.522,29.953,42.326,98.801
STR,Aston Martin,HARD,6.0,26.269,30.354,42.537,99.16
STR,Aston Martin,HARD,7.0,26.392,30.123,42.524,99.039
STR,Aston Martin,HARD,8.0,26.468,30.478,42.586,99.532
STR,Aston Martin,HARD,9.0,26.401,30.334,42.437,99.172
STR,Aston Martin,HARD,10.0,26.491,30.309,42.544,99.344
STR,Aston Martin,HARD,11.0,26.437,30.141,42.523,99.101
STR,Aston Martin,HARD,12.0,26.589,30.086,42.584,99.259
STR,Aston Martin,HARD,13.0,26.471,29.816,42.676,98.963
STR,Aston Martin,HARD,14.0,26.612,29.853,42.643,99.108
STR,Aston Martin,HARD,15.0,26.983,30.118,42.482,99.583
STR,Aston Martin,HARD,16.0,26.413,30.895,42.304,99.612
STR,Aston Martin,HARD,17.0,26.443,29.873,42.589,98.905
STR,Aston Martin,HARD,18.0,26.512,30.076,43.306,99.894
STR,Aston Martin,HARD,19.0,26.946,30.063,42.549,99.558
STR,Aston Martin,HARD,20.0,26.358,29.803,43.169,99.33
STR,Aston Martin,HARD,21.0,26.683,30.03,42.67,99.383
STR,Aston Martin,HARD,22.0,26.474,29.792,42.42,98.686
STR,Aston Martin,HARD,23.0,26.435,29.908,42.43,98.773
STR,Aston Martin,HARD,24.0,26.545,29.647,42.555,98.747
STR,Aston Martin,HARD,25.0,26.571,29.855,42.458,98.884
STR,Aston Martin,HARD,26.0,26.705,29.74,42.4,98.845
STR,Aston Martin,HARD,27.0,26.456,29.53,42.551,98.537
STR,Aston Martin,HARD,28.0,26.319,29.606,42.289,98.214
STR,Aston Martin,HARD,29.0,26.24,29.425,42.437,98.102
STR,Aston Martin,HARD,30.0,26.239,29.453,42.486,98.178
STR,Aston Martin,HARD,31.0,26.27,29.412,42.477,98.159
STR,Aston Martin,HARD,32.0,26.238,29.377,42.534,98.149
STR,Aston Martin,HARD,33.0,26.248,29.55,42.422,98.22
STR,Aston Martin,HARD,34.0,26.199,29.386,42.343,97.928
STR,Aston Martin,HARD,35.0,26.129,29.322,42.416,97.867
STR,Aston Martin,HARD,36.0,26.085,29.347,47.255,102.687
STR,Aston Martin,MEDIUM,37.0,44.329,28.586,41.327,114.242
STR,Aston Martin,MEDIUM,38.0,25.641,29.07,41.856,96.567
STR,Aston Martin,MEDIUM,39.0,25.622,29.042,41.38,96.044
STR,Aston Martin,MEDIUM,40.0,25.817,29.116,42.085,97.018
STR,Aston Martin,MEDIUM,41.0,25.814,29.333,41.817,96.964
STR,Aston Martin,MEDIUM,42.0,25.83,29.034,41.581,96.445
STR,Aston Martin,MEDIUM,43.0,25.433,29.302,41.758,96.493
STR,Aston Martin,MEDIUM,44.0,25.778,28.935,41.856,96.569
STR,Aston Martin,MEDIUM,45.0,25.821,29.332,41.933,97.086
STR,Aston Martin,MEDIUM,46.0,25.732,29.004,41.908,96.644
STR,Aston Martin,MEDIUM,47.0,25.751,29.185,41.977,96.913
STR,Aston Martin,MEDIUM,48.0,25.695,29.15,41.8,96.645
STR,Aston Martin,MEDIUM,49.0,25.796,29.138,41.728,96.662
STR,Aston Martin,MEDIUM,50.0,25.886,29.195,41.802,96.883
STR,Aston Martin,MEDIUM,51.0,25.851,29.063,42.043,96.957
STR,Aston Martin,MEDIUM,52.0,25.897,29.231,41.884,97.012
STR,Aston Martin,MEDIUM,53.0,25.996,29.212,42.011,97.219
STR,Aston Martin,MEDIUM,54.0,25.939,29.134,41.911,96.984
STR,Aston Martin,MEDIUM,55.0,25.943,29.036,42.039,97.018
STR,Aston Martin,MEDIUM,56.0,25.876,29.039,41.946,96.861
SAI,Williams,MEDIUM,1.0,,32.28,43.813,107.312
SAI,Williams,MEDIUM,2.0,26.361,30.511,42.846,99.718
SAI,Williams,MEDIUM,3.0,26.29,30.258,42.722,99.27
SAI,Williams,MEDIUM,4.0,26.343,30.062,42.384,98.789
SAI,Williams,MEDIUM,5.0,26.386,30.262,42.139,98.787
SAI,Williams,MEDIUM,6.0,26.339,30.324,42.516,99.179
SAI,Williams,MEDIUM,7.0,26.41,30.308,42.357,99.075
SAI,Williams,MEDIUM,8.0,26.491,30.488,42.569,99.548
SAI,Williams,MEDIUM,9.0,26.463,30.376,42.398,99.237
SAI,Williams,MEDIUM,10.0,26.551,30.317,42.357,99.225
SAI,Williams,MEDIUM,11.0,26.43,30.192,42.435,99.057
SAI,Williams,MEDIUM,12.0,26.47,30.367,42.806,99.643
SAI,Williams,MEDIUM,13.0,26.621,30.114,42.541,99.276
SAI,Williams,MEDIUM,14.0,26.624,29.964,42.435,99.023
SAI,Williams,MEDIUM,15.0,26.458,30.23,42.763,99.451
SAI,Williams,MEDIUM,16.0,26.468,30.218,42.408,99.094
SAI,Williams,MEDIUM,17.0,26.488,30.218,48.415,105.121
SAI,Williams,HARD,18.0,44.812,29.629,41.934,116.375
SAI,Williams,HARD,19.0,26.217,29.504,42.203,97.924
SAI,Williams,HARD,20.0,26.411,30.18,42.148,98.739
SAI,Williams,HARD,21.0,26.276,29.718,42.157,98.151
SAI,Williams,HARD,22.0,26.195,29.729,42.219,98.143
SAI,Williams,HARD,23.0,25.976,29.781,42.001,97.758
SAI,Williams,HARD,24.0,25.919,29.885,42.243,98.047
SAI,Williams,HARD,25.0,26.119,29.7,42.368,98.187
SAI,Williams,HARD,26.0,26.208,29.654,42.484,98.346
SAI,Williams,HARD,27.0,26.087,29.563,42.433,98.083
SAI,Williams,HARD,28.0,26.27,29.706,42.22,98.196
SAI,Williams,HARD,29.0,26.201,29.676,42.074,97.951
SAI,Williams,HARD,30.0,26.008,29.646,42.108,97.762
SAI,Williams,HARD,31.0,26.22,29.684,42.348,98.252
SAI,Williams,HARD,32.0,26.113,29.59,42.201,97.904
SAI,Williams,HARD,33.0,26.076,29.684,42.023,97.783
SAI,Williams,HARD,34.0,26.226,29.676,42.159,98.061
SAI,Williams,HARD,35.0,26.116,29.573,43.063,98.752
SAI,Williams,HARD,36.0,26.375,30.408,42.201,98.984
SAI,Williams,HARD,37.0,26.179,29.455,42.169,97.803
SAI,Williams,HARD,38.0,26.006,29.428,41.93,97.364
SAI,Williams,HARD,39.0,25.776,29.362,42.042,97.18
SAI,Williams,HARD,40.0,26.062,29.427,42.061,97.55
SAI,Williams,HARD,41.0,26.05,29.4,42.012,97.462
SAI,Williams,HARD,42.0,26.092,29.337,41.95,97.379
SAI,Williams,HARD,43.0,26.645,29.912,42.322,98.879
SAI,Williams,HARD,44.0,26.193,29.158,42.199,97.55
SAI,Williams,HARD,45.0,26.041,29.183,41.969,97.193
SAI,Williams,HARD,46.0,25.958,29.246,42.151,97.355
SAI,Williams,HARD,47.0,26.002,29.134,42.008,97.144
SAI,Williams,HARD,48.0,26.138,29.291,41.92,97.349
SAI,Williams,HARD,49.0,25.999,29.144,41.748,96.891
SAI,Williams,HARD,50.0,25.917,29.093,41.769,96.779
SAI,Williams,HARD,51.0,25.913,29.058,41.883,96.854
SAI,Williams,HARD,52.0,25.843,29.087,42.035,96.965
SAI,Williams,HARD,53.0,26.082,29.194,42.305,97.581
SAI,Williams,HARD,54.0,26.047,29.228,41.817,97.092
SAI,Williams,HARD,55.0,25.916,29.157,42.356,97.429
SAI,Williams,HARD,56.0,25.979,29.255,42.177,97.411
HAD,Racing Bulls,MEDIUM,1.0,,31.293,43.132,104.196
HAD,Racing Bulls,MEDIUM,2.0,26.643,30.129,42.489,99.261
HAD,Racing Bulls,MEDIUM,3.0,26.2,30.159,42.691,99.05
HAD,Racing Bulls,MEDIUM,4.0,26.304,29.947,42.644,98.895
HAD,Racing Bulls,MEDIUM,5.0,26.24,30.132,42.374,98.746
HAD,Racing Bulls,MEDIUM,6.0,26.375,30.048,42.391,98.814
HAD,Racing Bulls,MEDIUM,7.0,26.493,30.283,42.476,99.252
HAD,Racing Bulls,MEDIUM,8.0,26.598,30.197,42.566,99.361
HAD,Racing Bulls,MEDIUM,9.0,26.645,30.19,42.414,99.249
HAD,Racing Bulls,MEDIUM,10.0,26.535,30.056,42.346,98.937
HAD,Racing Bulls,MEDIUM,11.0,26.581,30.09,42.564,99.235
HAD,Racing Bulls,MEDIUM,12.0,26.344,29.782,47.521,103.647
HAD,Racing Bulls,HARD,13.0,45.05,29.981,41.912,116.943
HAD,Racing Bulls,HARD,14.0,26.149,29.953,41.769,97.871
HAD,Racing Bulls,HARD,15.0,26.283,30.251,42.436,98.97
HAD,Racing Bulls,HARD,16.0,26.172,29.94,42.507,98.619
HAD,Racing Bulls,HARD,17.0,26.586,31.124,42.393,100.103
HAD,Racing Bulls,HARD,18.0,26.735,31.129,42.527,100.391
HAD,Racing Bulls,HARD,19.0,26.395,29.98,41.843,98.218
HAD,Racing Bulls,HARD,20.0,26.08,29.717,42.155,97.952
HAD,Racing Bulls,HARD,21.0,26.309,29.743,41.823,97.875
HAD,Racing Bulls,HARD,22.0,26.278,29.888,41.907,98.073
HAD,Racing Bulls,HARD,23.0,26.16,29.729,42.001,97.89
HAD,Racing Bulls,HARD,24.0,26.161,29.939,41.956,98.056
HAD,Racing Bulls,HARD,25.0,26.165,29.944,42.154,98.263
HAD,Racing Bulls,HARD,26.0,26.245,29.774,42.249,98.268
HAD,Racing Bulls,HARD,27.0,26.095,29.783,42.156,98.034
HAD,Racing Bulls,HARD,28.0,26.198,29.579,41.898,97.675
HAD,Racing Bulls,HARD,29.0,26.1,29.751,41.847,97.698
HAD,Racing Bulls,HARD,30.0,26.081,29.881,42.087,98.049
HAD,Racing Bulls,HARD,31.0,26.089,29.844,42.069,98.002
HAD,Racing Bulls,HARD,32.0,26.276,29.643,42.159,98.078
HAD,Racing Bulls,HARD,33.0,26.137,29.451,47.156,102.744
HAD,Racing Bulls,HARD,34.0,43.868,28.645,41.272,113.785
HAD,Racing Bulls,HARD,35.0,25.572,28.787,41.509,95.868
HAD,Racing Bulls,HARD,36.0,25.718,29.502,41.891,97.111
HAD,Racing Bulls,HARD,37.0,26.01,29.482,42.014,97.506
HAD,Racing Bulls,HARD,38.0,25.851,29.262,41.719,96.832
HAD,Racing Bulls,HARD,39.0,25.864,29.205,41.639,96.708
HAD,Racing Bulls,HARD,40.0,25.805,29.2,41.725,96.73
HAD,Racing Bulls,HARD,41.0,25.836,29.068,41.598,96.502
HAD,Racing Bulls,HARD,42.0,25.77,29.21,41.592,96.572
HAD,Racing Bulls,HARD,43.0,25.884,29.471,41.927,97.282
HAD,Racing Bulls,HARD,44.0,25.864,29.42,41.825,97.109
HAD,Racing Bulls,HARD,45.0,26.034,29.291,43.275,98.6
HAD,Racing Bulls,HARD,46.0,26.025,29.129,41.942,97.096
HAD,Racing Bulls,HARD,47.0,25.937,29.089,41.646,96.672
HAD,Racing Bulls,HARD,48.0,25.777,29.203,42.214,97.194
HAD,Racing Bulls,HARD,49.0,26.234,29.225,42.294,97.753
HAD,Racing Bulls,HARD,50.0,26.272,29.153,41.868,97.293
HAD,Racing Bulls,HARD,51.0,25.941,29.03,41.532,96.503
HAD,Racing Bulls,HARD,52.0,25.672,28.942,41.721,96.335
HAD,Racing Bulls,HARD,53.0,26.132,28.937,41.613,96.682
HAD,Racing Bulls,HARD,54.0,26.184,29.057,41.989,97.23
HAD,Racing Bulls,HARD,55.0,25.813,28.831,41.784,96.428
HAD,Racing Bulls,HARD,56.0,26.081,29.285,42.329,97.695
LAW,Red Bull Racing,HARD,1.0,,31.237,43.426,108.928
LAW,Red Bull Racing,HARD,2.0,26.414,30.408,42.818,99.64
LAW,Red Bull Racing,HARD,3.0,26.38,30.552,42.806,99.738
LAW,Red Bull Racing,HARD,4.0,26.336,30.698,42.58,99.614
LAW,Red Bull Racing,HARD,5.0,26.345,30.41,42.473,99.228
LAW,Red Bull Racing,HARD,6.0,26.24,30.399,42.703,99.342
LAW,Red Bull Racing,HARD,7.0,26.546,30.42,42.559,99.525
LAW,Red Bull Racing,HARD,8.0,26.335,30.382,42.46,99.177
LAW,Red Bull Racing,HARD,9.0,26.464,30.545,42.734,99.743
LAW,Red Bull Racing,HARD,10.0,26.466,30.451,42.67,99.587
LAW,Red Bull Racing,HARD,11.0,26.403,30.05,42.699,99.152
LAW,Red Bull Racing,HARD,12.0,26.361,29.995,42.571,98.927
LAW,Red Bull Racing,HARD,13.0,26.389,30.015,42.731,99.135
LAW,Red Bull Racing,HARD,14.0,26.434,29.967,42.4,98.801
LAW,Red Bull Racing,HARD,15.0,26.547,30.295,42.863,99.705
LAW,Red Bull Racing,HARD,16.0,26.422,31.151,42.646,100.219
LAW,Red Bull Racing,HARD,17.0,27.602,30.169,42.634,100.405
LAW,Red Bull Racing,HARD,18.0,26.561,30.172,47.037,103.77
LAW,Red Bull Racing,MEDIUM,19.0,44.678,29.567,41.923,116.168
LAW,Red Bull Racing,MEDIUM,20.0,25.881,29.546,42.272,97.699
LAW,Red Bull Racing,MEDIUM,21.0,26.031,29.632,42.162,97.825
LAW,Red Bull Racing,MEDIUM,22.0,25.939,29.762,42.181,97.882
LAW,Red Bull Racing,MEDIUM,23.0,25.958,29.696,41.988,97.642
LAW,Red Bull Racing,MEDIUM,24.0,26.101,29.718,42.214,98.033
LAW,Red Bull Racing,MEDIUM,25.0,26.08,29.881,42.376,98.337
LAW,Red Bull Racing,MEDIUM,26.0,26.026,29.767,42.201,97.994
LAW,Red Bull Racing,MEDIUM,27.0,26.102,29.789,42.226,98.117
LAW,Red Bull Racing,MEDIUM,28.0,25.995,29.607,42.024,97.626
LAW,Red Bull Racing,MEDIUM,29.0,26.039,29.649,42.099,97.787
LAW,Red Bull Racing,MEDIUM,30.0,26.178,29.691,47.093,102.962
LAW,Red Bull Racing,HARD,31.0,44.395,29.283,41.66,115.338
LAW,Red Bull Racing,HARD,32.0,25.426,29.194,41.365,95.985
LAW,Red Bull Racing,HARD,33.0,25.6,29.104,41.604,96.308
LAW,Red Bull Racing,HARD,34.0,25.69,29.227,41.71,96.627
LAW,Red Bull Racing,HARD,35.0,25.638,29.018,41.611,96.267
LAW,Red Bull Racing,HARD,36.0,25.703,29.126,41.645,96.474
LAW,Red Bull Racing,HARD,37.0,25.646,29.152,41.698,96.496
LAW,Red Bull Racing,HARD,38.0,25.729,29.266,41.661,96.656
LAW,Red Bull Racing,HARD,39.0,25.678,29.085,41.789,96.552
LAW,Red Bull Racing,HARD,40.0,25.77,29.158,41.726,96.654
LAW,Red Bull Racing,HARD,41.0,25.676,29.162,41.859,96.697
LAW,Red Bull Racing,HARD,42.0,25.676,29.19,41.761,96.627
LAW,Red Bull Racing,HARD,43.0,25.704,29.099,41.85,96.653
LAW,Red Bull Racing,HARD,44.0,25.649,29.171,41.835,96.655
LAW,Red Bull Racing,HARD,45.0,25.757,29.233,41.942,96.932
LAW,Red Bull Racing,HARD,46.0,25.84,29.413,42.107,97.36
LAW,Red Bull Racing,HARD,47.0,25.871,29.191,41.742,96.804
LAW,Red Bull Racing,HARD,48.0,25.69,29.146,41.665,96.501
LAW,Red Bull Racing,HARD,49.0,25.741,29.363,41.78,96.884
LAW,Red Bull Racing,HARD,50.0,25.982,29.478,41.981,97.441
LAW,Red Bull Racing,HARD,51.0,25.768,29.229,41.75,96.747
LAW,Red Bull Racing,HARD,52.0,25.697,29.139,41.601,96.437
LAW,Red Bull Racing,HARD,53.0,25.946,29.248,41.946,97.14
LAW,Red Bull Racing,HARD,54.0,26.013,29.28,41.953,97.246
LAW,Red Bull Racing,HARD,55.0,25.843,29.112,41.833,96.788
LAW,Red Bull Racing,HARD,56.0,25.81,29.354,42.032,97.196
DOO,Alpine,MEDIUM,1.0,,31.857,43.743,107.904
DOO,Alpine,MEDIUM,2.0,26.753,30.492,42.834,100.079
DOO,Alpine,MEDIUM,3.0,26.404,30.469,42.61,99.483
DOO,Alpine,MEDIUM,4.0,26.381,30.756,42.385,99.522
DOO,Alpine,MEDIUM,5.0,26.555,30.384,42.24,99.179
DOO,Alpine,MEDIUM,6.0,26.476,30.409,42.648,99.533
DOO,Alpine,MEDIUM,7.0,26.628,30.315,42.453,99.396
DOO,Alpine,MEDIUM,8.0,26.493,30.273,42.556,99.322
DOO,Alpine,MEDIUM,9.0,26.545,30.36,42.626,99.531
DOO,Alpine,MEDIUM,10.0,26.544,30.302,42.538,99.384
DOO,Alpine,MEDIUM,11.0,26.447,30.135,47.068,103.65
DOO,Alpine,HARD,12.0,44.471,29.218,41.93,115.619
DOO,Alpine,HARD,13.0,25.94,29.357,42.465,97.762
DOO,Alpine,HARD,14.0,26.444,29.622,42.249,98.315
DOO,Alpine,HARD,15.0,26.263,29.671,42.273,98.207
DOO,Alpine,HARD,16.0,26.071,29.765,42.525,98.361
DOO,Alpine,HARD,17.0,26.27,29.903,42.455,98.628
DOO,Alpine,HARD,18.0,27.318,30.131,42.415,99.864
DOO,Alpine,HARD,19.0,26.492,30.432,42.648,99.572
DOO,Alpine,HARD,20.0,26.3,29.66,42.364,98.324
DOO,Alpine,HARD,21.0,26.479,30.0,42.19,98.669
DOO,Alpine,HARD,22.0,26.483,29.839,42.203,98.525
DOO,Alpine,HARD,23.0,26.386,29.749,42.221,98.356
DOO,Alpine,HARD,24.0,26.487,30.672,42.264,99.423
DOO,Alpine,HARD,25.0,26.332,29.912,42.163,98.407
DOO,Alpine,HARD,26.0,26.289,29.804,42.051,98.144
DOO,Alpine,HARD,27.0,26.139,29.81,42.075,98.024
DOO,Alpine,HARD,28.0,26.262,29.884,42.185,98.331
DOO,Alpine,HARD,29.0,26.245,29.985,42.324,98.554
DOO,Alpine,HARD,30.0,26.2,29.633,42.258,98.091
DOO,Alpine,HARD,31.0,26.386,29.629,42.407,98.422
DOO,Alpine,HARD,32.0,26.174,29.74,42.541,98.455
DOO,Alpine,HARD,33.0,26.427,29.697,42.327,98.451
DOO,Alpine,HARD,34.0,26.324,29.58,42.223,98.127
DOO,Alpine,HARD,35.0,26.779,29.611,42.237,98.627
DOO,Alpine,HARD,36.0,26.179,29.466,42.192,97.837
DOO,Alpine,HARD,37.0,26.3,29.526,42.07,97.896
DOO,Alpine,HARD,38.0,26.16,29.356,41.986,97.502
DOO,Alpine,HARD,39.0,26.094,29.215,42.552,97.861
DOO,Alpine,HARD,40.0,26.188,29.57,42.132,97.89
DOO,Alpine,HARD,41.0,26.126,29.414,41.825,97.365
DOO,Alpine,HARD,42.0,26.104,29.301,41.758,97.163
DOO,Alpine,HARD,43.0,26.174,29.366,42.748,98.288
DOO,Alpine,HARD,44.0,26.129,29.504,42.222,97.855
DOO,Alpine,HARD,45.0,26.007,29.291,43.047,98.345
DOO,Alpine,HARD,46.0,25.879,29.346,42.063,97.288
DOO,Alpine,HARD,47.0,25.854,29.078,41.71,96.642
DOO,Alpine,HARD,48.0,25.794,29.131,42.392,97.317
DOO,Alpine,HARD,49.0,26.296,29.28,42.172,97.748
DOO,Alpine,HARD,50.0,26.019,29.097,41.874,96.99
DOO,Alpine,HARD,51.0,26.025,28.866,41.813,96.704
DOO,Alpine,HARD,52.0,25.786,28.941,41.697,96.424
DOO,Alpine,HARD,53.0,26.066,28.899,41.764,96.729
DOO,Alpine,HARD,54.0,26.147,28.984,42.061,97.192
DOO,Alpine,HARD,55.0,25.798000000000002,28.858,41.972,96.628
DOO,Alpine,HARD,56.0,26.09,29.115,42.317,97.522
BOR,Kick Sauber,MEDIUM,1.0,,43.03,48.608,123.657
BOR,Kick Sauber,HARD,2.0,45.659,29.352,42.104,117.115
BOR,Kick Sauber,HARD,3.0,25.992,29.479,42.494,97.965
BOR,Kick Sauber,HARD,4.0,26.06,29.653,42.712,98.425
BOR,Kick Sauber,HARD,5.0,26.352,29.836,42.704,98.892
BOR,Kick Sauber,HARD,6.0,26.446,29.993,42.697,99.136
BOR,Kick Sauber,HARD,7.0,26.353,30.066,42.681,99.1
BOR,Kick Sauber,HARD,8.0,26.541,29.974,42.537,99.052
BOR,Kick Sauber,HARD,9.0,26.437,29.999,42.461,98.897
BOR,Kick Sauber,HARD,10.0,26.564,30.033,42.501,99.098
BOR,Kick Sauber,HARD,11.0,26.568,29.785,42.254,98.607
BOR,Kick Sauber,HARD,12.0,26.487,29.915,42.468,98.87
BOR,Kick Sauber,HARD,13.0,26.333,29.89,42.483,98.706
BOR,Kick Sauber,HARD,14.0,26.44,29.929,42.775,99.144
BOR,Kick Sauber,HARD,15.0,26.438,30.013,42.614,99.065
BOR,Kick Sauber,HARD,16.0,26.427,30.085,42.671,99.183
BOR,Kick Sauber,HARD,17.0,26.413,30.076,42.652,99.141
BOR,Kick Sauber,HARD,18.0,26.513,30.232,42.67,99.415
BOR,Kick Sauber,HARD,19.0,26.946,30.429,42.893,100.268
BOR,Kick Sauber,HARD,20.0,26.633,30.252,42.79,99.675
BOR,Kick Sauber,HARD,21.0,26.671,30.304,42.763,99.738
BOR,Kick Sauber,HARD,22.0,26.578,30.327,42.749,99.654
BOR,Kick Sauber,HARD,23.0,26.634,30.24,42.914,99.788
BOR,Kick Sauber,HARD,24.0,26.646,30.294,42.95,99.89
BOR,Kick Sauber,HARD,25.0,26.66,30.34,42.815,99.815
BOR,Kick Sauber,HARD,26.0,26.546,30.103,47.325,103.974
BOR,Kick Sauber,HARD,27.0,45.092,29.367,41.782,116.241
BOR,Kick Sauber,HARD,28.0,25.593,28.723,41.558,95.874
BOR,Kick Sauber,HARD,29.0,25.804,29.117,42.028,96.949
BOR,Kick Sauber,HARD,30.0,25.976,29.183,42.119,97.278
BOR,Kick Sauber,HARD,31.0,25.937,29.29,41.979,97.206
BOR,Kick Sauber,HARD,32.0,25.95,29.169,41.731,96.85
BOR,Kick Sauber,HARD,33.0,26.029,29.295,41.782,97.106
BOR,Kick Sauber,HARD,34.0,26.066,29.081,41.819,96.966
BOR,Kick Sauber,HARD,35.0,25.964,29.095,41.809,96.868
BOR,Kick Sauber,HARD,36.0,25.873,29.05,41.787,96.71
BOR,Kick Sauber,HARD,37.0,25.821,29.022,41.613,96.456
BOR,Kick Sauber,HARD,38.0,25.787,28.982,41.67,96.439
BOR,Kick Sauber,HARD,39.0,25.841,29.106,41.906,96.853
BOR,Kick Sauber,HARD,40.0,25.801,29.0,41.828,96.629
BOR,Kick Sauber,HARD,41.0,25.888,29.028,41.774,96.69
BOR,Kick Sauber,HARD,42.0,26.018,29.172,41.87,97.06
BOR,Kick Sauber,HARD,43.0,26.039,29.337,42.232,97.608
BOR,Kick Sauber,HARD,44.0,25.959,29.612,41.898,97.469
BOR,Kick Sauber,HARD,45.0,26.026,29.599,41.955,97.58
BOR,Kick Sauber,HARD,46.0,26.143,29.198,42.108,97.449
BOR,Kick Sauber,HARD,47.0,26.1,29.25,42.19,97.54
BOR,Kick Sauber,HARD,48.0,26.125,29.313,42.054,97.492
BOR,Kick Sauber,HARD,49.0,26.128,29.359,42.068,97.555
BOR,Kick Sauber,HARD,50.0,25.951999999999998,29.213,43.822,98.987
BOR,Kick Sauber,HARD,51.0,26.122,30.43,42.456,99.008
BOR,Kick Sauber,HARD,52.0,25.86,29.475,42.049,97.384
BOR,Kick Sauber,HARD,53.0,25.923000000000002,29.174,42.037,97.134
BOR,Kick Sauber,HARD,54.0,25.963,29.254,42.324,97.541
BOR,Kick Sauber,HARD,55.0,26.05,29.443,43.097,98.59
HUL,Kick Sauber,MEDIUM,1.0,,34.037,43.22,109.895
HUL,Kick Sauber,MEDIUM,2.0,26.294,30.693,42.978,99.965
HUL,Kick Sauber,MEDIUM,3.0,26.888,30.767,42.933,100.588
HUL,Kick Sauber,MEDIUM,4.0,26.51,30.665,42.812,99.987
HUL,Kick Sauber,MEDIUM,5.0,26.392,30.587,42.827,99.806
HUL,Kick Sauber,MEDIUM,6.0,26.44,30.535,42.706,99.681
HUL,Kick Sauber,MEDIUM,7.0,26.423,30.718,42.781,99.922
HUL,Kick Sauber,MEDIUM,8.0,26.488,30.637,42.918,100.043
HUL,Kick Sauber,MEDIUM,9.0,26.644,30.756,42.642,100.042
HUL,Kick Sauber,MEDIUM,10.0,26.611,30.482,42.622,99.715
HUL,Kick Sauber,MEDIUM,11.0,26.605,30.194,42.699,99.498
HUL,Kick Sauber,MEDIUM,12.0,26.545,30.248,42.666,99.459
HUL,Kick Sauber,MEDIUM,13.0,26.451,30.455,42.866,99.772
HUL,Kick Sauber,MEDIUM,14.0,26.701999999999998,31.021,43.275,100.998
HUL,Kick Sauber,MEDIUM,15.0,26.6,30.414,42.809,99.823
HUL,Kick Sauber,MEDIUM,16.0,26.532,30.488,43.503,100.523
HUL,Kick Sauber,MEDIUM,17.0,26.611,30.403,43.818,100.832
HUL,Kick Sauber,MEDIUM,18.0,26.961,30.944,43.637,101.542
HUL,Kick Sauber,MEDIUM,19.0,27.046,31.274,43.759,102.079
HUL,Kick Sauber,MEDIUM,20.0,26.616,30.565,48.124,105.305
HUL,Kick Sauber,HARD,21.0,45.299,30.051,42.445,117.795
HUL,Kick Sauber,HARD,22.0,25.995,29.699,42.009,97.703
HUL,Kick Sauber,HARD,23.0,26.042,29.783,42.367,98.192
HUL,Kick Sauber,HARD,24.0,26.22,29.809,42.428,98.457
HUL,Kick Sauber,HARD,25.0,26.334,29.748,42.538,98.62
HUL,Kick Sauber,HARD,26.0,26.036,29.469,42.168,97.673
HUL,Kick Sauber,HARD,27.0,26.014,29.52,42.179,97.713
HUL,Kick Sauber,HARD,28.0,26.163,29.507,42.127,97.797
HUL,Kick Sauber,HARD,29.0,26.153,29.506,42.118,97.777
HUL,Kick Sauber,HARD,30.0,26.169,29.681,42.358,98.208
HUL,Kick Sauber,HARD,31.0,26.291,29.555,41.975,97.821
HUL,Kick Sauber,HARD,32.0,26.147,30.375,42.214,98.736
HUL,Kick Sauber,HARD,33.0,26.182,29.527,42.185,97.894
HUL,Kick Sauber,HARD,34.0,26.14,29.597,42.162,97.899
HUL,Kick Sauber,HARD,35.0,25.934,29.325,42.016,97.275
HUL,Kick Sauber,HARD,36.0,26.078,29.558,42.171,97.807
HUL,Kick Sauber,HARD,37.0,25.973,29.473,41.977,97.423
HUL,Kick Sauber,HARD,38.0,25.901,29.457,42.225,97.583
HUL,Kick Sauber,HARD,39.0,26.064,29.433,42.118,97.615
HUL,Kick Sauber,HARD,40.0,26.009,29.388,42.144,97.541
HUL,Kick Sauber,HARD,41.0,26.084,29.564,42.373,98.021
HUL,Kick Sauber,HARD,42.0,25.895,29.526,42.344,97.765
HUL,Kick Sauber,HARD,43.0,26.286,29.642,42.334,98.262
HUL,Kick Sauber,HARD,44.0,26.049,29.586,42.208,97.843
HUL,Kick Sauber,HARD,45.0,26.14,29.497,43.16,98.797
HUL,Kick Sauber,HARD,46.0,26.329,30.123,42.71,99.162
HUL,Kick Sauber,HARD,47.0,26.224,29.788,42.564,98.576
HUL,Kick Sauber,HARD,48.0,26.095,29.549,43.477,99.121
HUL,Kick Sauber,HARD,49.0,25.947,30.127,43.065,99.139
HUL,Kick Sauber,HARD,50.0,26.19,29.67,42.333,98.193
HUL,Kick Sauber,HARD,51.0,26.301,29.486,42.205,97.992
HUL,Kick Sauber,HARD,52.0,25.969,29.394,42.12,97.483
HUL,Kick Sauber,HARD,53.0,28.165,29.796,42.352,100.313
HUL,Kick Sauber,HARD,54.0,25.937,29.495,42.406,97.838
HUL,Kick Sauber,HARD,55.0,27.377,29.721,42.645,99.743
TSU,Racing Bulls,MEDIUM,1.0,,31.071,42.643,103.656
TSU,Racing Bulls,MEDIUM,2.0,26.419,30.193,42.136,98.748
TSU,Racing Bulls,MEDIUM,3.0,26.282,30.205,42.456,98.943
TSU,Racing Bulls,MEDIUM,4.0,26.312,30.059,42.391,98.762
TSU,Racing Bulls,MEDIUM,5.0,26.451,30.137,42.267,98.855
TSU,Racing Bulls,MEDIUM,6.0,26.491,30.148,42.416,99.055
TSU,Racing Bulls,MEDIUM,7.0,26.461,30.252,42.18,98.893
TSU,Racing Bulls,MEDIUM,8.0,26.669,30.244,42.486,99.399
TSU,Racing Bulls,MEDIUM,9.0,26.593,30.173,42.527,99.293
TSU,Racing Bulls,MEDIUM,10.0,26.718,29.979,42.41,99.107
TSU,Racing Bulls,MEDIUM,11.0,26.643,30.003,47.199,103.845
TSU,Racing Bulls,HARD,12.0,44.71,29.899,41.737,116.346
TSU,Racing Bulls,HARD,13.0,26.2,30.003,41.919,98.122
TSU,Racing Bulls,HARD,14.0,26.554,30.056,42.174,98.784
TSU,Racing Bulls,HARD,15.0,26.395,29.885,42.159,98.439
TSU,Racing Bulls,HARD,16.0,26.369,30.017,43.546,99.932
TSU,Racing Bulls,HARD,17.0,26.384,30.547,42.299,99.23
TSU,Racing Bulls,HARD,18.0,26.643,29.597,41.996,98.236
TSU,Racing Bulls,HARD,19.0,26.284,29.421,41.974,97.679
TSU,Racing Bulls,HARD,20.0,26.287,29.494,41.865,97.646
TSU,Racing Bulls,HARD,21.0,26.375,29.408,41.933,97.716
TSU,Racing Bulls,HARD,22.0,26.321,29.563,42.019,97.903
TSU,Racing Bulls,HARD,23.0,26.283,29.475,41.915,97.673
TSU,Racing Bulls,HARD,24.0,26.317,29.697,41.908,97.922
TSU,Racing Bulls,HARD,25.0,26.31,29.727,42.005,98.042
TSU,Racing Bulls,HARD,26.0,26.285,29.48,42.079,97.844
TSU,Racing Bulls,HARD,27.0,26.27,29.49,42.042,97.802
TSU,Racing Bulls,HARD,28.0,26.206,29.538,42.011,97.755
TSU,Racing Bulls,HARD,29.0,26.165,29.663,42.077,97.905
TSU,Racing Bulls,HARD,30.0,26.239,29.603,42.153,97.995
TSU,Racing Bulls,HARD,31.0,26.447,29.608,42.276,98.331
TSU,Racing Bulls,HARD,32.0,26.328,29.754,42.111,98.193
TSU,Racing Bulls,HARD,33.0,26.41,29.469,41.928,97.807
TSU,Racing Bulls,HARD,34.0,26.354,29.634,42.107,98.095
TSU,Racing Bulls,HARD,35.0,26.209,29.605,46.708,102.522
TSU,Racing Bulls,HARD,36.0,44.236,29.224,41.546,115.006
TSU,Racing Bulls,HARD,37.0,25.976,29.244,41.785,97.005
TSU,Racing Bulls,HARD,38.0,25.884,29.139,41.702,96.725
TSU,Racing Bulls,HARD,39.0,25.751,29.168,41.58,96.499
TSU,Racing Bulls,HARD,40.0,25.862,29.175,41.939,96.976
TSU,Racing Bulls,HARD,41.0,25.85,29.202,41.682,96.734
TSU,Racing Bulls,HARD,42.0,25.877,29.406,41.75,97.033
TSU,Racing Bulls,HARD,43.0,25.823,29.449,41.661,96.933
TSU,Racing Bulls,HARD,44.0,25.973,29.063,41.853,96.889
TSU,Racing Bulls,HARD,45.0,26.036,29.155,41.592,96.783
TSU,Racing Bulls,HARD,46.0,26.638,31.152,48.964,106.754
TSU,Racing Bulls,MEDIUM,47.0,64.552,29.537,41.778,135.867
TSU,Racing Bulls,MEDIUM,48.0,25.662,28.928,41.572,96.162
TSU,Racing Bulls,MEDIUM,49.0,25.696,28.752,41.423,95.871
TSU,Racing Bulls,MEDIUM,50.0,25.62,28.964,41.424,96.008
TSU,Racing Bulls,MEDIUM,51.0,25.851,28.85,41.519,96.22
TSU,Racing Bulls,MEDIUM,52.0,25.783,29.233,41.761,96.777
TSU,Racing Bulls,MEDIUM,53.0,25.904,29.623,41.919,97.446
TSU,Racing Bulls,MEDIUM,54.0,25.875,29.503,41.696,97.074
TSU,Racing Bulls,MEDIUM,55.0,25.885,29.319,42.096,97.3
ALO,Aston Martin,MEDIUM,1.0,,31.518,43.687,105.761
ALO,Aston Martin,MEDIUM,2.0,26.594,30.407,42.59,99.591
ALO,Aston Martin,MEDIUM,3.0,26.288,30.334,42.634,99.256
ALO,Aston Martin,MEDIUM,4.0,28.677,40.107,72.182,140.966
LEC,Ferrari,MEDIUM,1.0,,30.463,42.227,101.763
LEC,Ferrari,MEDIUM,2.0,26.368,29.701999999999998,42.114,98.184
LEC,Ferrari,MEDIUM,3.0,26.23,29.712,42.145,98.087
LEC,Ferrari,MEDIUM,4.0,26.213,29.547,41.888,97.648
LEC,Ferrari,MEDIUM,5.0,26.288,29.856,42.109,98.253
LEC,Ferrari,MEDIUM,6.0,26.326,29.95,42.01,98.286
LEC,Ferrari,MEDIUM,7.0,26.386,29.935,42.137,98.458
LEC,Ferrari,MEDIUM,8.0,26.418,30.104,41.956,98.478
LEC,Ferrari,MEDIUM,9.0,26.306,30.357,41.929,98.592
LEC,Ferrari,MEDIUM,10.0,26.353,30.182,42.026,98.561
LEC,Ferrari,MEDIUM,11.0,26.314,30.227,41.881,98.422
LEC,Ferrari,MEDIUM,12.0,26.421,30.226,42.035,98.682
LEC,Ferrari,MEDIUM,13.0,26.254,30.197,42.063,98.514
LEC,Ferrari,MEDIUM,14.0,25.986,29.903,42.223,98.112
LEC,Ferrari,MEDIUM,15.0,26.171,29.85,46.842,102.863
LEC,Ferrari,HARD,16.0,43.985,29.589,41.56,115.134
LEC,Ferrari,HARD,17.0,25.842,29.657,41.927,97.426
LEC,Ferrari,HARD,18.0,26.041,29.931,42.408,98.38
LEC,Ferrari,HARD,19.0,26.03,29.369,41.508,96.907
LEC,Ferrari,HARD,20.0,25.888,29.664,41.747,97.299
LEC,Ferrari,HARD,21.0,26.03,29.504,41.626,97.16
LEC,Ferrari,HARD,22.0,25.988,29.475,41.512,96.975
LEC,Ferrari,HARD,23.0,26.084,29.548000000000002,41.58,97.212
LEC,Ferrari,HARD,24.0,26.174,29.437,41.749,97.36
LEC,Ferrari,HARD,25.0,26.003,29.49,41.408,96.901
LEC,Ferrari,HARD,26.0,26.026,29.761,41.577,97.364
LEC,Ferrari,HARD,27.0,26.043,29.535,41.509,97.087
LEC,Ferrari,HARD,28.0,25.976,29.526,41.49,96.992
LEC,Ferrari,HARD,29.0,25.99,29.398,42.073,97.461
LEC,Ferrari,HARD,30.0,26.144,29.504,41.826,97.474
LEC,Ferrari,HARD,31.0,26.067,29.485,41.628,97.18
LEC,Ferrari,HARD,32.0,25.98,29.504,41.7,97.184
LEC,Ferrari,HARD,33.0,26.097,29.477,41.709,97.283
LEC,Ferrari,HARD,34.0,25.964,29.508,41.622,97.094
LEC,Ferrari,HARD,35.0,26.022,29.308,41.839,97.169
LEC,Ferrari,HARD,36.0,25.961,29.558,41.648,97.167
LEC,Ferrari,HARD,37.0,25.852,29.6,41.656,97.108
LEC,Ferrari,HARD,38.0,25.938,29.355,41.584,96.877
LEC,Ferrari,HARD,39.0,25.804,29.35,41.768,96.922
LEC,Ferrari,HARD,40.0,25.896,29.147,41.635,96.678
LEC,Ferrari,HARD,41.0,25.706,29.153,41.658,96.517
LEC,Ferrari,HARD,42.0,25.741,29.22,41.54,96.501
LEC,Ferrari,HARD,43.0,25.77,29.313,41.413,96.496
LEC,Ferrari,HARD,44.0,25.775,29.052,41.635,96.462
LEC,Ferrari,HARD,45.0,25.766,29.17,41.499,96.435
LEC,Ferrari,HARD,46.0,25.666,29.159,41.493,96.318
LEC,Ferrari,HARD,47.0,25.651,29.074,41.586,96.311
LEC,Ferrari,HARD,48.0,25.851,29.129,41.561,96.541
LEC,Ferrari,HARD,49.0,25.651,29.012,41.494,96.157
LEC,Ferrari,HARD,50.0,25.539,29.223,41.501,96.263
LEC,Ferrari,HARD,51.0,25.729,29.342,41.685,96.756
LEC,Ferrari,HARD,52.0,25.884,29.133,41.566,96.583
LEC,Ferrari,HARD,53.0,26.183,30.118,41.79,98.091
LEC,Ferrari,HARD,54.0,25.985,29.644,42.049,97.678
LEC,Ferrari,HARD,55.0,25.859,29.467,41.79,97.116
LEC,Ferrari,HARD,56.0,25.83,29.381,42.104,97.315
HAM,Ferrari,MEDIUM,1.0,,30.143,42.199,100.792
HAM,Ferrari,MEDIUM,2.0,26.252,29.761,42.159,98.172
HAM,Ferrari,MEDIUM,3.0,25.996,29.701,42.156,97.853
HAM,Ferrari,MEDIUM,4.0,26.163,29.91,42.014,98.087
HAM,Ferrari,MEDIUM,5.0,26.196,29.622,41.984,97.802
HAM,Ferrari,MEDIUM,6.0,26.113,29.811,42.297,98.221
HAM,Ferrari,MEDIUM,7.0,26.444,29.9,42.522,98.866
HAM,Ferrari,MEDIUM,8.0,26.419,29.918,42.315,98.652
HAM,Ferrari,MEDIUM,9.0,26.389,30.005,42.166,98.56
HAM,Ferrari,MEDIUM,10.0,26.366,29.96,42.24,98.566
HAM,Ferrari,MEDIUM,11.0,26.33,29.908,42.267,98.505
HAM,Ferrari,MEDIUM,12.0,26.289,30.122,42.319,98.73
HAM,Ferrari,MEDIUM,13.0,26.204,30.002,47.173,103.379
HAM,Ferrari,HARD,14.0,44.106,29.608,42.023,115.737
HAM,Ferrari,HARD,15.0,26.028,29.825,41.842,97.695
HAM,Ferrari,HARD,16.0,26.008,30.256,41.678,97.942
HAM,Ferrari,HARD,17.0,25.966,29.631,41.934,97.531
HAM,Ferrari,HARD,18.0,26.052,29.869,41.913,97.834
HAM,Ferrari,HARD,19.0,25.917,29.412,41.746,97.075
HAM,Ferrari,HARD,20.0,25.984,29.595,41.89,97.469
HAM,Ferrari,HARD,21.0,27.128,29.953,42.238,99.319
HAM,Ferrari,HARD,22.0,26.026,29.618,41.813,97.457
HAM,Ferrari,HARD,23.0,26.028,29.418,41.854,97.3
HAM,Ferrari,HARD,24.0,26.016,29.296,41.885,97.197
HAM,Ferrari,HARD,25.0,26.119,29.451,41.934,97.504
HAM,Ferrari,HARD,26.0,25.979,29.47,42.106,97.555
HAM,Ferrari,HARD,27.0,26.015,29.39,42.005,97.41
HAM,Ferrari,HARD,28.0,25.855,29.276,41.858,96.989
HAM,Ferrari,HARD,29.0,25.914,29.363,41.953,97.23
HAM,Ferrari,HARD,30.0,26.049,29.407,41.991,97.447
HAM,Ferrari,HARD,31.0,26.082,29.475,41.925,97.482
HAM,Ferrari,HARD,32.0,25.801,29.242,41.995,97.038
HAM,Ferrari,HARD,33.0,26.041,29.469,42.062,97.572
HAM,Ferrari,HARD,34.0,25.922,29.32,42.048,97.29
HAM,Ferrari,HARD,35.0,25.935,29.183,41.839,96.957
HAM,Ferrari,HARD,36.0,25.933,29.38,42.033,97.346
HAM,Ferrari,HARD,37.0,25.937,29.605,46.909,102.451
HAM,Ferrari,HARD,38.0,43.476,28.735,41.291,113.502
HAM,Ferrari,HARD,39.0,25.611,28.876,41.352,95.839
HAM,Ferrari,HARD,40.0,25.49,28.621,41.376,95.487
HAM,Ferrari,HARD,41.0,25.416,28.466,41.187,95.069
HAM,Ferrari,HARD,42.0,25.45,28.712,41.407,95.569
HAM,Ferrari,HARD,43.0,25.461,28.681,41.384,95.526
HAM,Ferrari,HARD,44.0,25.553,28.774,41.535,95.862
HAM,Ferrari,HARD,45.0,25.51,28.474,41.365,95.349
HAM,Ferrari,HARD,46.0,25.453,28.608,41.472,95.533
HAM,Ferrari,HARD,47.0,25.532,28.647,41.591,95.77
HAM,Ferrari,HARD,48.0,25.35,28.645,41.265,95.26
HAM,Ferrari,HARD,49.0,25.375,28.525,41.177,95.077
HAM,Ferrari,HARD,50.0,25.335,28.514,41.395,95.244
HAM,Ferrari,HARD,51.0,25.541,28.563,41.361,95.465
HAM,Ferrari,HARD,52.0,25.37,28.437,41.404,95.211
HAM,Ferrari,HARD,53.0,25.477,28.544,41.441,95.462
HAM,Ferrari,HARD,54.0,25.475,28.442,41.34,95.257
HAM,Ferrari,HARD,55.0,25.334,28.509,41.389,95.232
HAM,Ferrari,HARD,56.0,25.44,28.613,41.628,95.681
GAS,Alpine,MEDIUM,1.0,,31.034,43.277,106.04
GAS,Alpine,MEDIUM,2.0,26.865,30.385,42.555,99.805
GAS,Alpine,MEDIUM,3.0,26.194,30.328,42.603,99.125
GAS,Alpine,MEDIUM,4.0,26.285,29.911,42.505,98.701
GAS,Alpine,MEDIUM,5.0,26.346,29.903,42.279,98.528
GAS,Alpine,MEDIUM,6.0,26.321,30.428,42.413,99.162
GAS,Alpine,MEDIUM,7.0,26.387,30.182,42.521,99.09
GAS,Alpine,MEDIUM,8.0,26.574,30.366,42.434,99.374
GAS,Alpine,MEDIUM,9.0,26.454,30.396,42.53,99.38
GAS,Alpine,MEDIUM,10.0,26.551,30.286,47.32,104.157
GAS,Alpine,HARD,11.0,44.679,28.957,41.774,115.41
GAS,Alpine,HARD,12.0,25.991,29.416,42.433,97.84
GAS,Alpine,HARD,13.0,26.333,29.824,42.074,98.231
GAS,Alpine,HARD,14.0,26.291,30.154,42.7,99.145
GAS,Alpine,HARD,15.0,26.451,30.268,42.36,99.079
GAS,Alpine,HARD,16.0,26.22,29.993,42.416,98.629
GAS,Alpine,HARD,17.0,26.62,31.178,42.256,100.054
GAS,Alpine,HARD,18.0,26.553,31.264,42.855,100.672
GAS,Alpine,HARD,19.0,26.271,30.042,42.038,98.351
GAS,Alpine,HARD,20.0,26.333,29.859,42.427,98.619
GAS,Alpine,HARD,21.0,26.364,30.022,42.512,98.898
GAS,Alpine,HARD,22.0,26.355,29.749,42.91,99.014
GAS,Alpine,HARD,23.0,26.477,29.845,42.453,98.775
GAS,Alpine,HARD,24.0,26.242,29.799,42.52,98.561
GAS,Alpine,HARD,25.0,26.108,29.755,42.51,98.373
GAS,Alpine,HARD,26.0,26.159,29.604,42.406,98.169
GAS,Alpine,HARD,27.0,26.109,29.501,42.399,98.009
GAS,Alpine,HARD,28.0,26.362,29.61,42.101,98.073
GAS,Alpine,HARD,29.0,26.188,29.583,42.187,97.958
GAS,Alpine,HARD,30.0,26.072,29.476,42.426,97.974
GAS,Alpine,HARD,31.0,26.134,29.475,42.297,97.906
GAS,Alpine,HARD,32.0,26.129,29.496,42.211,97.836
GAS,Alpine,HARD,33.0,26.048,29.449,42.408,97.905
GAS,Alpine,HARD,34.0,26.07,29.469,42.329,97.868
GAS,Alpine,HARD,35.0,26.02,29.283,42.138,97.441
GAS,Alpine,HARD,36.0,25.967,29.304,42.095,97.366
GAS,Alpine,HARD,37.0,25.95,29.345,42.117,97.412
GAS,Alpine,HARD,38.0,26.049,29.329,42.869,98.247
GAS,Alpine,HARD,39.0,26.037,29.172,43.039,98.248
GAS,Alpine,HARD,40.0,26.653,29.929,42.439,99.021
GAS,Alpine,HARD,41.0,25.897,29.275,42.069,97.241
GAS,Alpine,HARD,42.0,25.887,29.252,42.036,97.175
GAS,Alpine,HARD,43.0,25.831,29.128,42.056,97.015
GAS,Alpine,HARD,44.0,25.884,29.005,42.104,96.993
GAS,Alpine,HARD,45.0,25.86,29.077,41.944,96.881
GAS,Alpine,HARD,46.0,25.866,29.043,41.979,96.888
GAS,Alpine,HARD,47.0,25.66,28.991,41.945,96.596
GAS,Alpine,HARD,48.0,25.682,28.943,41.926,96.551
GAS,Alpine,HARD,49.0,25.638,28.995,41.792,96.425
GAS,Alpine,HARD,50.0,25.815,29.058,41.911,96.784
GAS,Alpine,HARD,51.0,25.683,29.022,41.815,96.52
GAS,Alpine,HARD,52.0,25.628,28.965,41.963,96.556
GAS,Alpine,HARD,53.0,25.942,29.123,42.155,97.22
GAS,Alpine,HARD,54.0,25.836,29.054,42.385,97.275
GAS,Alpine,HARD,55.0,25.736,28.913,42.156,96.805
GAS,Alpine,HARD,56.0,25.748,29.062,42.04,96.85
